,ITEM,DesignItemId,Quantity,Designator,Value,Description,Footprint,Manufacturer,Manufacturer Part Number,#Column Name Error:' MANUFACTURER Lifecycle 1,#Column Name Error:' Supplier 1,#Column Name Error:' Supplier Part Number 1,Case/Package,Case/Packages,Max Power Dissipation,Res/ESR,Voltage Rating,Power Rating,Pins,LibRef,Max Operating Temperature,Min Operating Temperature,Tolerance,Frequency
,1,CMP-CAP-000141-6,1,C1,4.7µF,CAP CER 4.7uF 25V X7R 1206 SMD,CAPC3216X180N,Kemet,C1206C475K3RACAUTO,,,,1206,,,,25V,,2,CMP-CAP-000141-6,125°C,-55°C,10%,1kHz
,2,CMP-CAP-000067-15,10,"C2, C3, C4, C5, C6, C8, C9, C10, C11, C12",10µF,CAP CER 10uF 50V X7R 1210 SMD,CAPC3225X280N,AVX Corporation,12105C106K4Z2A,,,,1210,,,,50V,,2,CMP-CAP-000067-15,125°C,-55°C,10%,
,3,CMP-CAP-000033-13,14,"C14, C129, C164, C165, C183, C184, C220, C229, C249, C250, C256, C257, C274, C279",1nF,CAP CER 1nF 50V C0G 0603 SMD,CAPC1608X90N,Kemet,C0603C102J5GAC3190,,,,0603,,,,50V,,2,CMP-CAP-000033-13,125°C,-55°C,5%,
,4,CMP-CAP-000167-10,25,"C15, C408, C409, C410, C411, C412, C413, C414, C415, C416, C417, C418, C419, C420, C421, C422, C423, C424, C425, C426, C427, C428, C429, C430, C431",47µF,CAP CER 1210 C 47uF 6.3 VDC +125degC +/-10%,CAPC3225X280N,Kemet,C1210C476K9RAC7800,,,,1210,,,,6.3V,,2,CMP-CAP-000167-10,125°C,-55°C,10%,
,5,CMP-CAP-000198-1,1,C16,47µF,"CAP CERAMIC SMD 1210, 10V, 47 uF, ± 10 %, X7R, RoHS",CAPC3225X280N,TAIYO YUDEN,LMK325B7476KM-PR,,,,1210,,,,10V,,2,CMP-CAP-000198-1,125°C,-55°C,10%,
,6,CMP-CAP-000152-10,3,"C17, C44, C600",1µF,CAP CER 1uF 50V 08805 SMD,CAPC2012X145N,KEMET,C0805C105K5RACAUTO,,,,0805,,,,50V,,2,CMP-CAP-000152-10,125°C,-55°C,10%,1kHz
,7,CMP-CAP-000181-10,3,"C18, C45, C601",100nF,CAP CER 0.1uF 50V X7R 10% 0805 SMD,CAPC2012X145N,KEMET,C0805C105K5RACAUTO,,,,0805,,,,50V,,2,CMP-CAP-000181-10,125°C,-55°C,10%,1kHz
,8,CMP-CAP-000036-13,26,"C19, C29, C39, C49, C53, C68, C73, C80, C87, C153, C158, C198, C200, C204, C208, C215, C240, C246, C266, C271, C295, C297, C299, C300, C310, C315",1µF,CAP CER 1uF 25V X5R 0603 SMD,CAPC1608X90N,TDK Corporation,CGA3E3X5R1H105K080AB,,,,0603,,,,25V,,2,CMP-CAP-000036-13,85°C,-55°C,10%,
,9,CMP-CAP-000035-11,104,"C21, C36, C41, C47, C48, C51, C52, C54, C58, C59, C64, C66, C67, C69, C71, C72, C78, C79, C82, C84, C88, C93, C96, C99, C108, C119, C122, C130, C149, C150, C151, C155, C156, C157, C159, C161, C163, C167, C168, C169, C174, C175, C176, C177, C178, C180, C187, C188, C189, C196, C197, C202, C203, C205, C207, C211, C212, C214, C217, C219, C223, C224, C227, C232, C236, C238, C239, C244, C245, C247, C251, C255, C259, C262, C264, C265, C269, C270, C272, C275, C278, C280, C296, C301, C305, C510, C610, C700, C701, C702, C703, C704, C705, C707, C708, C709, C710, C711, C822, C832, C835, C837, C839, C841",100nF,CAP CER 100nF 50V X7R 0603 SMD,CAPC1608X90N,TDK Corporation,CGA3E2X7R1H104K080AA,,,,0603,,,,50V,,2,CMP-CAP-000035-11,125°C,-55°C,10%,
,10,CMP-CAP-000070-12,6,"C23, C24, C38, C101, C103, C116",22µF,CAP CER 22uF 25V X5R 0805 SMD,CAPC2012X145N,Murata Electronics,GRT21BR61E226ME13L,,,,0805,,,,25V,,2,CMP-CAP-000070-12,125°C,-55°C,20%,
,11,CMP-CAP-000073-10,26,"C25, C46, C50, C55, C65, C70, C75, C77, C83, C89, C105, C152, C160, C162, C195, C201, C206, C210, C213, C218, C237, C242, C248, C263, C268, C273",4.7µF,CAP CER 4.7uF 16V X7S 0603 SMD,CAPC1608X90N,Murata,GRM188C71C475KE21D,,,,0603,,,,16V,,2,CMP-CAP-000073-10,85°C,-55°C,10%,
,12,CMP-CAP-000072-11,10,"C42, C100, C114, C115, C123, C511, C611, C836, C838, C840",4.7µF,CAP CER 4.7uF 50V X7S 0805 SMD,CAPC2012X145N,Murata Electronics,GRM21BC71H475KE11K,,,,0805,,,,50V,,2,CMP-CAP-000072-11,125°C,-55°C,10%,
,13,CMP-CAP-000047-11,1,C43,10µF,CAP CER 10uF 25V X7S 0805 SMD Low ESR,CAPC2012X145N,TDK Corporation,CGA4J1X7S1E106K125AC,,,,0805,,,0.0015 OHM,25V,,2,CMP-CAP-000047-11,125°C,-55°C,10%,500kHz
,14,CMP-CAP-000089-8,12,"C56, C57, C74, C148, C186, C209, C230, C231, C241, C243, C258, C267",2.2nF,CAP CER 2.2nF 50V X7R 0603 SMD,CAPC1608X90N,TDK Corporation,CGA3E2X8R1H222K080AE,,,,0603,,,,50V,,2,CMP-CAP-000089-8,150°C,-55°C,10%,
,15,CMP-CAP-000114-10,14,"C60, C62, C94, C154, C166, C170, C172, C192, C221, C225, C233, C252, C260, C276",1nF,CAP CER 1000pF 100V X7R 0603 GCM188R72A102KA37D,CAPC1608X90N,MuRuta,GCM188R72A102KA37D,,,,0603,,,,100V,,2,CMP-CAP-000114-10,125°C,-55°C,10%,
,16,CMP-CAP-000090-8,12,"C61, C63, C171, C173, C194, C226, C234, C235, C253, C254, C261, C277",4.7nF,CAP CER 4.7nF 50V X7R 0603 SMD,CAPC1608X90N,TDK Corporation,CGA3E2X8R1H472K080AE,,,,0603,,,,50V,,2,CMP-CAP-000090-8,150°C,-55°C,10%,
,17,CMP-CAP-000034-11,4,"C92, C97, C216, C228",10nF,CAP CER 10nF 50V X7R 0603 SMD,CAPC1608X90N,TDK Corporation,CGA3E2X7R1H103K080AA,,,,0603,,,,50V,,2,CMP-CAP-000034-11,125°C,-55°C,10%,
,18,CMP-CAP-000105-9,2,"C95, C222",220pF,CAP CER 220pF 50V C0G 0603 SMD,CAPC1608X90N,Kemet,C0603C221J5GAC3190,,,,0603,,,,50V,,2,CMP-CAP-000105-9,125°C,-55°C,5%,
,19,CMP-CAP-000106-10,3,"C104, C181, C182",1µF,CAP CER 1uF 100V X7R 0805 SMD,CAPC2012X145N,Murata,GCJ21BR72A104KA01L,,,,0805,,,,100V,,2,CMP-CAP-000106-10,125°C,-55°C,10%,
,20,CMP-CAP-000096-11,1,C109,100nF,CAP CER 100nF 100V X7R 0805 SMD,CAPC2012X145N,Murata,GCJ21BR72A104KA01L,,,,0805,,,,100V,,2,CMP-CAP-000096-11,125°C,-55°C,10%,
,21,CMP-CAP-000188-7,5,"C110, C111, C112, C117, C313",100nF,CAP CER 0.1uF 16V X7R 5% 0603 SMD,CAPC1608X90N,Kyocera,0603YC104J4T2A,,,,0603,,,,16V,,2,CMP-CAP-000188-7,125°C,-55°C,5%,
,22,CMP-CAP-000124-8,1,C120,22nF,CAP CER 22nF 50V X7R 0603 SMD,CAPC1608X90N,TDK Corporation,CGA3E2X7R1H223K080AA,,,,0603,,,,50V,,2,CMP-CAP-000124-8,125°C,-55°C,10%,
,23,CMP-CAP-000103-9,1,C121,470pF,CAP CER 470pF 50V C0G 0603 SMD,CAPC1608X90N,Kemet,C0603C471J5GACAUTO,,,,0603,,,,50V,,2,CMP-CAP-000103-9,125°C,-55°C,5%,
,24,CMP-CAP-000098-9,3,"C124, C126, C127",4.7µF,CAP CER 4.7uF 100V X7S 1210 SMD,CAPC3225X280N,TDK,CGA6M3X7S2A475K200AE,,,,1210,,,,100V,,2,CMP-CAP-000098-9,125°C,-55°C,10%,
,25,CMP-CAP-000115-4,2,"C125, C320",4.7nF,CAP CER 4700pF 20% 760VAC SUPPRESSION Y5U  SMDY1472MY5UDR,SODFL1920X400-2N,Vishay,SMDY1472MY5UDR,,,,2-SMD,,,,760V,,2,CMP-CAP-000115-4,125°C,-55°C,20%,
,26,CMP-CAP-000174-7,1,C179,220pF,"CAP CER 220PF, 100V, NP0, 0805;± 5% SMD",CAPC2012X145N,KEMET,C0805X221J1GACAUTO,,,,0805,,,,100V,,2,CMP-CAP-000174-7,125°C,-55°C,5%,1kHz
,27,CMP-CAP-000037-10,8,"C295A, C297A, C299A, C300A, C304, C311, C466, C500",10µF,CAP CER 10uF 16V X5R 0603 SMD,CAPC1608X90N,Murata,GRT188R61C106KE13D,,,,0603,,,,16V,,2,CMP-CAP-000037-10,85°C,-55°C,10%,
,28,CMP-CAP-000025-20,15,"C302, C303, C450, C451, C457, C458, C461, C462, C463, C464, C465, C481, C482, C484, C485",100nF,CAP CER 100nF 50V X7R 0402 SMD,CAPC1005X55L,Murata Electronics,GCM155R71H104KE02D,,,,0402,,,,50V,,2,CMP-CAP-000025-20,125°C,-55°C,±10%,
,29,CMP-CAP-000021-20,2,"C400, C401",10pF,CAP CER 10pF 50V C0G 0402 SMD,CAPC1005X55L,TDK Corporation,CGA2B2NP01H100D050BA,,,,0402,,,,50V,,2,CMP-CAP-000021-20,125°C,-55°C,±0.5pF,
,30,CMP-CAP-000024-20,2,"C402, C435",10nF,CAP CER 10nF 50V X7R 0402 SMD,CAPC1005X55L,Murata Electronics,GCM155R71H103KA55D,,,,0402,,,,50V,,2,CMP-CAP-000024-20,125°C,-55°C,±10%,
,31,CMP-CAP-000187-14,11,"C403, C404, C405, C406, C407, C436, C437, C438, C439, C440, C441",100nF,CAP CER 0.1uF 6.3V X7R 0402SMD,CAPC1005X55L,KEMET,C0402C104K9RACAUTO,,,,0402,,,,6.3V,,2,CMP-CAP-000187-14,125°C,-55°C,10%,
,32,CMP-CAP-000104-16,3,"C432, C433, C434",4.7nF,CAP CER 4.7nF 50V X7R 0402 SMD,CAPC1005X55L,KEMET,C0402C472K5RACAUTO,,,,0402,,,,50V,,2,CMP-CAP-000104-16,125°C,-55°C,10%,
,33,CMP-CAP-000091-9,8,"C442, C443, C452, C459, C460, C483, C486, C602",47µF,CAP CER 47uF 6.3V X7R 1210 SMD,CAPC3225X280N,Taiyo Yuden,JMJ325KB7476KMHP,,,,1210,,,,6.3V,,2,CMP-CAP-000091-9,125°C,-55°C,10%,
,34,CMP-CAP-000026-20,1,C492,1µF,CAP CER 1uF 25V X5R 0402 SMD,CAPC1005X55L,Murata Electronics,GRT155R61E105KE01D,,,,0402,,,,25V,,2,CMP-CAP-000026-20,85°C,-55°C,±10%,
,35,CMP-CAP-000023-19,1,C493,1nF,CAP CER 1nF 50V C0G 0402 SMD,CAPC1005X55L,Murata Electronics,GCM1555C1H102GA16J,,,,0402,,,,50V,,2,CMP-CAP-000023-19,125°C,-55°C,±2%,
,36,CMP-CAP-000186-13,1,C494,470pF,CAP CER 470pF 10V C0G 0402 SMD,CAPC1005X55N,Wurth Elektronik,885012005017,,,,0402,,,,10V,,2,CMP-CAP-000186-13,125°C,-55°C,5%,
,37,CMP-CAP-000005-18,2,"C828, C830",22pF,CAP CER 22pF 50V C0G 0402 SMD,CAPC1005X55N,Taiyo Yuden,UMK105CH220JVHF,,,,0402,,,,50V,,2,CMP-CAP-000005-18,125°C,-55°C,5%,
,38,CMP-SBD-000009-2,2,"D1, D104",BAT46W-HE3-18,DIODE SCHOTTKY 100V 150mA BAT46W-HE3-18 SOD123,SOD370X155X135L35X55L,Vishay,BAT46W-HE3-18,,,,,SOD123,,,100V,,2,CMP-SBD-000009-2,125°C,-55°C,,
,39,CMP-LED-000010-4,7,"D4, D6, D7, D8, D55, D120, D128",SML-D13FWT86C,LED GRN DIFFUSE 22mcd SML-D13FWT86C SMD 0603,DIOC1006X20N,Rohm Semiconductor,SML-D13FWT86C,,,,,DIOC1006X20N,,,2.1V,,2,CMP-LED-000010-4,100°C,-40°C,,
,40,CMP-TVS-000015-9,36,"D9, D10, D27, D28, D29, D30, D31, D32, D33, D34, D35, D36, D37, D38, D40, D42, D43, D44, D45, D46, D47, D48, D49, D50, D51, D52, D53, D54, D802, D805, D810, D812, D814, D816, D817, D818",ESD5V0D3B-TP,DIODE TVS 5V 15Vc 120W 8A BiDir ESD5V0D3B-TP SOD-323,SODN254X130X114L37X32N,MICRO COMMERCIAL,ESD5V0D3B-TP,,,,,SOD-323,,,13.5V,,2,CMP-TVS-000015-9,150°C,-55°C,,
,41,CMP-TVS-000010-6,25,"D11, D12, D13, D14, D15, D16, D17, D18, D19, D20, D22, D23, D105, D107, D109, D111, D112, D113, D114, D119, D205, D207, D209, D211, D212",CDSOD323-T12C-DSLQ,DIODE TVS 12V 28.3Vc 350W BiDir CDSOD323-T12C-DSLQ SOD-323,SODN254X130X114L37X32N,Bourns,CDSOD323-T12C-DSLQ,,,,,SOD-323,,,12V,,2,CMP-TVS-000010-6,150°C,-55°C,,
,42,CMP-TVS-000018-4,2,"D100, D101",SMAJ33A,TVS DIODE 33VWM 53.3VC SMA Single Uni-Dir 400W 2-Pin,DIOM5026X23N,LITTLEDISE,SMAJ33A,,,,,SMA,,,53.5V,,2,CMP-TVS-000018-4,150°C,-65°C,,
,43,CMP-SBD-000016-2,5,"D102, D103, D116, D118, D138",V10P10HM3_A/H,DIODE SCHOTTKY 100V 10A V10P10HM3_A/H SMD TO-277A Ultra-Low Vf,TO-277A_430X650X120L109X120T355X400N,Vishay General Semiconductor,V10P10HM3_A/H,,,,,TO-277A,,,100V,,3,CMP-SBD-000016-2,150°C,-40°C,,
,44,CMP-SBD-000011-4,1,D115,VSS8D3M10HM3/I,DIODE SCHOTTKY 100V 3A VSS8D3M10HM3/I  SOD-128,SODFL470X250X110L58X175N_SMAFL,Vishay,VSS8D3M10HM3/I,,,,,SOD-128,,,100V,,2,CMP-SBD-000011-4,125°C,-40°C,,
,45,CMP-ZNR-000002-6,1,D117,BZT52HC12WF-7,DIODE ZENER 12V 375MW BZT52H-C16 SOD123F,SODFL3516X120M,Diodes Incorporated,BZT52HC12WF-7,,,,,SODFL3516X120N,,,12V,,2,CMP-ZNR-000002-6,150°C,-65°C,,
,46,CMP-SBD-000003-5,2,"D122, D123",DAN217UMFHTL,DIODE ARRAY SCHOTTKY SERIES 80V 100mA DAN217UMFHTL SOT-323FL,SOFL65P200X100-3M,Rohm Semiconductor,DAN217UMFHTL,,,,,SOFL65P200X100-3N,,,80V,,3,CMP-SBD-000003-5,125°C,-55°C,,
,47,CMP-LED-000003-4,10,"D301, D302, D303, D304, D305, D306, D307, D308, D309, D310",SML-P12YTT86RR,LED YEL CLEAR 100mcd SML-P12YTT86RR SMD 0402,DIOC1006X20L,Rohm Semiconductor,SML-P12YTT86RR,,,,,DIOC1006X20N,,,2.1V,,2,CMP-LED-000003-4,85°C,-40°C,,
,48,CMP-MEC-000005-4,6,"D_Q100, dev_rst_n, DEVRST_N, PG_PWR, TP_EN_CORE, TP_RUN",GRN,TEST POINT THM GRN 5126,TP-5126-GRN,Keystone,5126,,,,,TP-5126-GRN,,,,,1,CMP-MEC-000005-4,,,,
,49,CMP-FUS-000008-8,2,"F101, F102",3A,FUSE SMT 3A SLO 32VDC 1206,FUSC3216X120N,Bourns Inc,SF-1206S300M-2,,,,,FUSC3216X120N,,,32V,,2,CMP-FUS-000008-8,125°C,-55°C,,
,50,CMP-FER-000005-F,75,"FB2, FB3, FB4, FB5, FB6, FB7, FB8, FB9, FB10, FB11, FB14, FB15, FB17, FB18, FB19, FB22, FB24, FB25, FB33, FB34, FB35, FB36, FB37, FB38, FB39, FB40, FB41, FB42, FB43, FB44, FB45, FB46, FB47, FB48, FB49, FB50, FB53, FB54, FB55, FB57, FB58, FB59, FB60, FB61, FB62, FB63, FB64, FB65, FB66, FB67, FB68, FB69, FB70, FB71, FB72, FB73, FB74, FB75, FB76, FB77, FB78, FB79, FB80, FB81, FB82, FB83, FB84, FB85, FB86, FB100, FB101, FB102, FB813, FB814, FB815",1K OHM,FERRITE BEAD 1K OHM 200mA 0402,BEADC1005X55N,TDK,MMZ1005Y102CTD25,,,,0402,,,,,140mW,2,CMP-FER-000005-F,125°C,-55°C,25%,
,51,CMP-MEC-000018-3,6,"FID1, FID2, FID3, FID4, FID5, FID6",FIDUCIAL,FIDUCIAL 1mm,FIDUCIAL 1mm,None,DNL,,,,,FIDUCIAL,,,,,0,CMP-MEC-000018-3,,,,
,52,CMP-CON-000135-9,3,"J40, J46, J47",ASP-231656-0,CONN HDR 30POS 38.6mmx5.08mmx16mm 2.54mm VERT ASP-231656-0 TH,CONN HDR 30POS ASP-231656-0,Samtec,ASP-231656-0,,,,,ASP-231656-0,,,775V,,30,CMP-CON-000135-9,125°C,-55°C,,
,53,CMP-CON-000120-2,1,J100,221VL36F26,"Connector CMM221 male Right Angle on PCB,",221vL36F26,Nocomatic,221VL36F26,,,,,CONNECTOR  RIGHT ANGLE MALE,,,800V,,36,CMP-CON-000120-2,260°C,-60°C,,
,54,CMP-002-000005-C,1,J102,,"Header Connector, pcb Mount, plug, 2 Contacts, skt, 0.1 Pitch, pc Tail Terminal Rohs Compliant: No",TE_534998-1,TE CONNECTIVITY,534998-1,,,,,2pin THT,,,333V,,2,CMP-002-000005-C,125°C,-65°C,,
,55,CMP-CON-000130-1,1,J301,ASP-232565-01,CONN RCPT RA 10pos 2.54mm Mini-MateASP-232565-01 Modified Application Specific Modification,ASP-232565-01,Samtec,ASP-232565-01,,,,,ASP-232565-01,,,63V,,10,CMP-CON-000130-1,125°C,-55°C,,
,56,CMP-MEC-000022-3,1,LBL1,CXDV7610-0053-001,TEAMCENTER_DECAL_WISK Nexus Edition,TEAMCENTER_DECAL_WISK - Nexus,McMaster-Carr,6785T33,,,,,LABEL,,,,,0,CMP-MEC-000022-3,,,,
,57,CMP-MEC-000107-1,10,"M1, M2, M3, M4, M5, M6, M7, M8, M9, M10",NA,MTG HOLE PLATED FINISHED HOLE 0.1285 155 PAD,MTG 128.5_155P_PLATED-Footprint-1,NA,NA,,,,,MTG128.5,,,,,1,CMP-MEC-000107-1,,,,
,58,CMP-MEC-000108-1,4,"M11, M12, M13, M14",NA,MTG HOLE NON-PLATED FINISHED HOLE 0.1285,MTG 128.5_155P_NON-PLATED-Footprint-1,NA,NA,,,,,MTG128.5np,,,,,1,CMP-MEC-000108-1,,,,
,59,CMP-MEC-000002-4,8,"P1V0, P1V8, P2V5, P3V3, P3V3_PRI, P5VX, P5VY, P12V_FLYB",RED,TEST POINT THM RED 5010,TP-5010-RED,Keystone,5010,,,,,TP-5010-RED,,,,,1,CMP-MEC-000002-4,,,,
,60,CMP-TNS-000008-5,1,Q100,BSC350N20NSFDATMA1,MOSFET N-CH 200V 35A 35mOhm BSC350N20NSFDATMA1 SuperSO8,QFN9P127_532X615X110L58X42T390X360N,Infineon Technologies,BSC350N20NSFDATMA1,,,,,SuperSO8,,,200V,,11,CMP-TNS-000008-5,175°C,-55°C,,28.9MHz
,61,CMP-RES-000287-N,2,"R1, R3",4.7KOhm,RES 4.7K OHM 1% 1/10W ±100ppm Thick Film 0603 SMD,RESC1608X50N,Yageo,AC0603FR-074K7L,,,,0603,,,,,1/10W,2,CMP-RES-000287-N,155°C,-55°C,1%,
,62,CMP-RES-000231-N,2,"R2, R4",2.21K,RES 2.21K OHM 1% 1/10W 100ppm Thk Film 0603 SMD,RESC1608X50N,Stackpole Electronics,RMCF0603FT2K21,,,,0603,,,,,100mW,2,CMP-RES-000231-N,155°C,-55°C,1%,
,63,CMP-RES-000201-N,5,"R5, R11, R12, R38, R39",4.75K,RES 4.75K OHM 1% 1/10W 100ppm Thk Film 0603 SMD,RESC1608X50N,Stackpole Electronics,RMCF0603FT4K75,,,,0603,,,,,100mW,2,CMP-RES-000201-N,155°C,-55°C,1%,
,64,CMP-RES-000025-AB,7,"R6, R16, R22, R66, R300, R758, R759",100K,RES 100K OHM 1% 1/10W 100ppm Thk Film 0603 SMD,RESC1608X50N,Vishay Dale,CRCW06031M00FKEA,,,,0603,,,,,100mW,2,CMP-RES-000025-AB,155°C,-55°C,1%,
,65,CMP-RES-000215-C,2,"R10, R311",40.2K,RES 40.2K OHM 1% 1/16W 100ppm Thk Film 0402 SMD,RESC1005X45N,Stackpole Electronics,RMCF0402FT40K2,,,,0402,,,,,63mW,2,CMP-RES-000215-C,155°C,-55°C,1%,
,66,CMP-RES-000389-C,1,R14,4.53k,RES 4.53K Ohm 1% 1/10W ±100ppm/°C 0603 SMD,RESC1608X50N,VISHAY DALE,CRCW06034K53FKEA,,,,0603,,,,,100mW,2,CMP-RES-000389-C,155°C,-55°C,1%,
,67,CMP-RES-000388-C,1,R15,2.43k,RES 2.43K Ohm 1% 1/10W ±100ppm/°C  0603 SMD,RESC1608X50N,VISHAY DALE,CRCW06032K43FKEA,,,,0603,,,,,100mW,2,CMP-RES-000388-C,155°C,-55°C,1%,
,68,CMP-RES-000347-K,3,"R18, R21, R40",250 Ohm,RES 250 OHM 5% 1/8W ±100ppm Thin Film 0603 SMD,RESC1608X50N,Vishay,CH0603-250RJNTA,,,,0603,,,,,1/8 W,2,CMP-RES-000347-K,155°C,-55°C,5%,
,69,CMP-RES-000385-C,3,"R19, R26, R42",1.24M,RES 1.24M Ohm 1% 1/10W ±100ppm/°C 0603 SMD,RESC1608X50N,VISHAY DALE,CRCW06031M24FKEA,,,,0603,,,,,100mW,2,CMP-RES-000385-C,155°C,-55°C,1%,
,70,CMP-RES-000386-C,2,"R20, R41",3.74M,RES 3.74M Ohm 1% 1/10W ±100ppm/°C 0603 SMD,RESC1608X50N,VISHAY DALE,CRCW06033M74FKEA,,,,0603,,,,,100mW,2,CMP-RES-000386-C,155°C,-55°C,1%,
,71,CMP-RES-000003-AC,15,"R23, R24, R128, R220, R221, R222, R223, R301, R310, R320, R753, R754, R755, R757, R760",ZERO,RES 0 OHM JUMPER 1/10W Thk Film 0603 SMD,RESC1608X50N,Vishay Dale,CRCW06030000Z0EA,,,,0603,,,,,100mW,2,CMP-RES-000003-AC,155°C,-55°C,1%,
,72,CMP-RES-000387-D,1,R25,1.27M,RES SMD 1.27M OHM 1% 1/10W 0603,RESC1608X50N,VISHAY DALE,CRCW06031M27FKEB,,,,0603,,,,,100mW,2,CMP-RES-000387-D,155°C,-55°C,1%,
,73,CMP-RES-000032-L,1,R28,100 OHM,RES 100 OHM 1% 1/8W 100ppm Thk Film 0805 SMD,RESC2013X50X30NL20T20,Vishay Dale,CRCW0805100RFKEA,,,,0805,,,,,125mW,2,CMP-RES-000032-L,155°C,-55°C,1%,
,74,CMP-RES-000249-N,1,R29,76.8K,RES 76.8K OHM 1% 1/10W 100ppm Thk Film 0603 SMD,RESC1608X50N,Stackpole Electronics,RMCF0603FT76K8,,,,0603,,,,,100mW,2,CMP-RES-000249-N,155°C,-55°C,1%,
,75,CMP-RES-000366-L,1,R30,25.5kOhms,RES 25.5 kOHM 1% 1/10W ±100ppm Thk Film 0603 SMD,RESC1608X50N,Bourns,CR0603-FX-2552ELF,,,,0603,,,,,1/10W,2,CMP-RES-000366-L,155°C,-55°C,1%,
,76,CMP-RES-000357-K,28,"R43, R48, R74, R77, R78, R87, R90, R94, R95, R99, R103, R111, R113, R122, R137, R150, R154, R162, R167, R172, R175, R186, R191, R198, R203, R208, R211, R216",887 Ohms,RES 887 OHM 0.1% 1/10W ±25ppm Thin Film 0603 SMD,RESC1608X50N,Panasonic,ERA-3AEB8870V,,,,0603,,,,,1/10W,2,CMP-RES-000357-K,155°C,-55°C,0.1%,
,77,CMP-RES-000024-V,4,"R44, R49, R155, R169",10.0K,RES 10.0K OHM 1% 1/10W 100ppm Thk Film 0603 SMD,RESC1608X50N,Stackpole,RMCF0603FT10K0,,,,0603,,,,,100mW,2,CMP-RES-000024-V,155°C,-55°C,1%,
,78,CMP-RES-000196-N,4,"R45, R50, R160, R170",24.9 OHM,RES 24.9 OHM 1% 1/10W 100ppm Thk Film 0603 SMD,RESC1608X50N,Stackpole Electronics,RMCF0603FT24R9,,,,0603,,,,,100mW,2,CMP-RES-000196-N,155°C,-55°C,1%,
,79,CMP-RES-000358-L,28,"R46, R47, R82, R83, R84, R85, R86, R91, R105, R106, R107, R108, R109, R110, R140, R149, R161, R165, R166, R171, R179, R185, R196, R197, R206, R207, R214, R215",113 Ohms,RES 113 OHM 0.1% 1/10W ±25ppm Thin Film 0603 SMD,RESC1608X50N,Panasonic,ERA-3AEB1130V,,,,0603,,,,,1/10W,2,CMP-RES-000358-L,155°C,-55°C,0.1%,
,80,CMP-RES-000294-N,9,"R51, R52, R53, R54, R55, R56, R57, R304, R317",1K OHM,RES 1K Ohm 5% 1/10W ±200ppm/°C THICK FILM 0603 SMD,RESC1608X50N,VISHAY DALE,CRCW06031K00JNTA,,,,0603,,100mW,,,100mW,2,CMP-RES-000294-N,155°C,-55°C,5%,
,81,CMP-RES-000306-N,8,"R60, R65, R69, R807, R811, R820, R851, R853",0 OHMS,RES 0 Ohm  1% 1/10W  0603 SMD,RESC1608X50N,YAGEO,AC0603FR-070RL,,,,0603,,100mW,,50V,100mW,2,CMP-RES-000306-N,155°C,-55°C,1%,
,82,CMP-RES-000244-N,1,R61,2.37K,RES 2.37K OHM 1% 1/10W 100ppm Thk Film 0603 SMD,RESC1608X50N,YAGEO,RC0603FR-072K37L,,,,0603,,,,,100mW,2,CMP-RES-000244-N,155°C,-55°C,1%,
,83,CMP-RES-000359-K,26,"R75, R80, R88, R92, R96, R100, R112, R123, R130, R138, R143, R151, R163, R173, R176, R178, R187, R189, R192, R194, R199, R201, R204, R209, R212, R217",1k Ohms,RES 1K OHM 0.1% 1/10W ±25ppm Thin Film 0603 SMD,RESC1608X50N,Yageo,AT0603BRD071KL,,,,0603,,,,,1/10W,2,CMP-RES-000359-K,125°C,-55°C,0.1%,
,84,CMP-RES-000182-N,23,"R76, R79, R81, R89, R93, R97, R98, R104, R114, R124, R139, R152, R174, R177, R188, R193, R195, R200, R202, R205, R210, R213, R218",196 OHM,RES 196 OHM 1% 1/10W 100ppm Thk Film 0603 SMD,RESC1608X50N,Stackpole Electronics,RMCF0603FT196R,,,,0603,,,,,100mW,2,CMP-RES-000182-N,155°C,-55°C,1%,
,85,CMP-RES-000171-E,2,"R101, R102",0.068 OHM,RES 0.068 OHM 1% 1/2W 50ppm MTL FLM 0805 SMD,RESC2012X50N,Susumu,KRL1220E-M-R068-F-T5,,,,0805,,,,,500mW,2,CMP-RES-000171-E,155°C,-55°C,1%,
,86,CMP-RES-000051-N,1,R104A,10.0 OHM,RES 10.0 OHM 1% 1/2W 100ppm Thk Film 1210 SMD,RESC3225X60X45NL20T20,Vishay Dale,CRCW121010R0FKEA,,,,1210,,,,,500mW,2,CMP-RES-000051-N,155°C,-55°C,1%,
,87,CMP-RES-000334-L,1,R115,31.6K,RES 31.6K Ohm 1% 1/10W ±50ppm/°C THIN FILM 0603 SMD,RESC1608X50N,"Stackpole Electronics, Inc.",TNPW060331K6FHTA,,,,0603,,,,,100mW,2,CMP-RES-000334-L,125°C,-55°C,1%,
,88,CMP-RES-000318-L,1,R116,143K,RES 143K OHM 1/10W ±100ppm/°C 1% THICK FLIM 0603 SMD,RESC1608X50N,"Stackpole Electronics, Inc.",RMCF0603FT143K,,,,0603,,,,,100mW,2,CMP-RES-000318-L,155°C,-55°C,1%,
,89,CMP-RES-000174-C,1,R117,22.0 OHM,RES 22.0 OHM 1% 3/4W 100ppm Thk Film 1206W SMD,RESC160X320X65L35N,Vishay Dale,RCL061222R0FKEA,,,,1206W,,,,,750mW,2,CMP-RES-000174-C,155°C,-55°C,1%,
,90,CMP-RES-000204-N,1,R118,51.1K,RES 51.1K OHM 1% 1/10W 100ppm Thk Film 0603 SMD,RESC1608X50N,Stackpole Electronics,RMCF0603FT51K1,,,,0603,,,,,100mW,2,CMP-RES-000204-N,155°C,-55°C,1%,
,91,CMP-RES-000205-N,1,R119,6.04K,RES 6.04K OHM 1% 1/10W 100ppm Thk Film 0603 SMD,RESC1608X50N,Stackpole Electronics,RMCF0603FT6K04,,,,0603,,,,,100mW,2,CMP-RES-000205-N,155°C,-55°C,1%,
,92,CMP-RES-000252-F,1,R120,0.015 OHM,RES 0.015 OHM 1% 1/2W 50ppm MTL FLM 0805 SMD,RESC2012X50N,Susumu,KRL1220E-M-R015-F-T5,,,,0805,,,,,500mW,2,CMP-RES-000252-F,155°C,-55°C,1%,
,93,CMP-RES-000190-N,1,R121,12.1K,RES 12.1K OHM 1% 1/10W 100ppm Thk Film 0603 SMD,RESC1608X50N,Vishay Dale,CRCW060312K1FKEA,,,,0603,,,,,100mW,2,CMP-RES-000190-N,155°C,-55°C,1%,
,94,CMP-RES-000202-N,1,R125,402K,RES 402K OHM 1% 1/10W 100ppm Thk Film 0603 SMD,RESC1608X50N,Stackpole Electronics,RMCF0603FT402K,,,,0603,,,,,100mW,2,CMP-RES-000202-N,155°C,-55°C,1%,
,95,CMP-RES-000317-L,1,R126,33.2K,RES 33.2k OHM 1/10W ±100ppm/°C 1% 0603 SMD,RESC1608X50N,"Stackpole Electronics, Inc.",RMCF0603FT33K2,,,,0603,,,,,100mW,2,CMP-RES-000317-L,155°C,-55°C,1%,
,96,CMP-RES-000172-H,1,R132,0.040 OHM,RES 0.040 OHM 1% 1/2W 35ppm MTL Film 1206 SMD,RESC3216X89X51NL25T25,Vishay Dale,WSK1206R0400FEA18,,,,1206,,,,,500mW,2,CMP-RES-000172-H,170°C,-65°C,1%,
,97,CMP-RES-000265-N,38,"R133, R135, R136, R180, R181, R182, R183, R184, R280, R281, R282, R283, R284, R302, R303, R305, R444, R447, R454, R467, R472, R475, R478, R487, R490, R499, R900, R901, R902, R903, R904, R905, R910, R911, R912, R913, R914, R915",10KOhms,RES 10K OHM 1% 1/10W ±100ppm Thick Film 0603 SMD,RESC1608X50N,Vishay,CRCW060310K0FKTA,,,,0603,,,,,1/10W,2,CMP-RES-000265-N,155°C,-55°C,1%,
,98,CMP-RES-000266-N,1,R142,5.1KOhms,RES 5.1K OHM 1% 1/10W ±100ppm Thick Film 0603 SMD,RESC1608X50N,Yageo,AC0603FR-075K1L,,,,0603,,,,,1/10W,2,CMP-RES-000266-N,155°C,-55°C,1%,
,99,CMP-RES-000319-F,2,"R153, R153A",47 OHM,"RES 47 OHM, 250 mW, 5%, 200V THICK FILM 1206 SMD",RESC3216X89X51NL25T25,Vishay Dale,CRCW120643R0JNEAIF,,,,1206,,250mW,,,250mW,2,CMP-RES-000319-F,155°C,-55°C,5%,
,100,CMP-RES-000192-N,2,"R156, R157",154K,RES 154K OHM 1% 1/10W 100ppm Thk Film 0603 SMD,RESC1608X50N,Stackpole Electronics,RMCF0603FT154K,,,,0603,,,,,100mW,2,CMP-RES-000192-N,155°C,-55°C,1%,
,101,CMP-RES-000193-P,2,"R158, R159",15.0K,RES 15.0K OHM 1% 1/10W 100ppm Thk Film 0603 SMD,RESC1608X50N,Vishay Dale,CRCW060315K0FKEA,,,,0603,,,,,100mW,2,CMP-RES-000193-P,155°C,-55°C,1%,
,102,CMP-RES-000154-N,1,R168,130 OHM,RES 130 OHM 1% 1/4W 100ppm Thk Film 0603 SMD,RESC1608X50N,Vishay Dale,RCS0603130RFKEA,,,,0603,,,,,250mW,2,CMP-RES-000154-N,155°C,-55°C,1%,
,103,CMP-RES-000009-R,1,R190,ZERO,RES 0 OHM JUMPER 1W Thk Film 2512 SMD,RESC6432X61N,Vishay Dale,CRCW25120000Z0EG,,,,2512,,,,,1W,2,CMP-RES-000009-R,155°C,-55°C,-,
,104,CMP-RES-000270-P,1,R219,1KOhms,RES 1K OHM 1% 1/10W ±100ppm Thick Film 0603 SMD,RESC1608X50N,Vishay,CRCW06031K00FKEB,,,,0603,,,,,1/10W,2,CMP-RES-000270-P,155°C,-55°C,1%,
,105,CMP-RES-000345-K,12,"R224, R225, R226, R227, R228, R229, R230, R231, R232, R233, R850, R852",47,ERES 47 Ohm 5% 1/10W ±200ppm/°C Thick Film 0603 SMD,RESC1608X50N,STACKPOLE ELECTGRONICS,RMCF0603JT47R0,,,,0603,,,,,100mW,2,CMP-RES-000345-K,155°C,-55°C,5%,
,106,CMP-RES-000367-K,2,"R307, R920",22kOhms,RES 0603 22 kOHM 1% 1/10W ±100ppm Thk Film 0603 SMD,RESC1608X50N,Bourns,CR0603-FX-2202ELF,,,,0603,,,,,1/10W,2,CMP-RES-000367-K,155°C,-55°C,1%,
,107,CMP-RES-000100-E,2,"R312, R330",187K,RES 187K OHM 1% 1/16W 100ppm Thk Film 0402 SMD,RESC1005X45N,Stackpole Electronics,RMCF0402FT187K,,,,0402,,,,,63mW,2,CMP-RES-000100-E,155°C,-55°C,1%,
,108,CMP-RES-000020-AC,2,"R315, R325",1.00 OHM,RES 1.00 OHM 1% 1/10W 100ppm Thk Film 0603 SMD,RESC1608X50N,Vishay Dale,CRCW06031R00FKTA,,,,0603,,,,,100mW,2,CMP-RES-000020-AC,155°C,-55°C,1%,
,109,CMP-RES-000007-T,1,R318,ZERO,RES 0 OHM JUMPER 1/2W Thk Film 1210 SMD,RESC3225X60X45NL20T20,Vishay Dale,CRCW12100000Z0EA,,,,1210,,,,,500mW,2,CMP-RES-000007-T,155°C,-55°C,-,
,110,CMP-RES-000305-P,17,"R400, R401, R402, R403, R404, R405, R406, R407, R500, R501, R502, R503, R505, R506, R507, R508, R740",33 OHM,RES 33 Ohm 1% 0.1W(1/10W) +/-100ppm/C THICK FILM  0603 SMD,RESC1608X50N,PANASONIC,ERJ-3EKF9312V,,,,0603,,100mW,,75V,100mW,2,CMP-RES-000305-P,155°C,-55°C,1%,
,111,CMP-RES-000254-F,2,"R425, R426",1M,RES 1M OHM 0.1% 2W Thk Film 2512 SMD,RESC6432X61N,Stackpole Electronics,HVCB2512BDE1M00,,,,2512,,,,,2W,2,CMP-RES-000254-F,150°C,-55°C,0.1%,
,112,CMP-RES-000274-R,3,"R700, R701, R702",5.1KOhms,RES 5.1K OHM 5% 1/10W ±100ppm Thick Film 0603 SMD,RESC1608X50N,Yageo,AC0603JR-075K1L,,,,0603,,,,,1/10W,2,CMP-RES-000274-R,155°C,-55°C,5%,
,113,CMP-RES-000176-C,39,"R703, R704, R705, R706, R707, R708, R709, R710, R711, R712, R713, R714, R715, R716, R717, R718, R719, R720, R724, R725, R726, R727, R728, R729, R730, R731, R732, R733, R734, R735, R736, R737, R738, R739, R741, R742, R743, R744, R745",30.1 OHM,RES 30.1 OHM 1% 1/16W 100ppm Thk Film 0402 SMD,RESC1005X45N,Vishay Dale,CRCW040230R1FKED,,,,0402,,,,,63mW,2,CMP-RES-000176-C,155°C,-55°C,1%,
,114,CMP-SWT-000005-4,1,SW300,TL1015AF160QG,Switch Tactile N.O. SPST Button J-Bend 0.05A 12VDC 200000Cycles 1.57N SMD T/R,TL1015AF160QG,E-SWITCH,TL1015AF160QG,,,,,EVQ-P2402M,,,12V,,2,CMP-SWT-000005-4,70°C,-20°C,,
,115,CMP-TFM-000010-9,1,T100,8H,"Pulse Transformer, 2: 1, 8 H, 0.015 Ohm, 1.5 Kv",750311590_FP,Wurth,750311590,,,,,WB-FB,,,1.5kV,,12,CMP-TFM-000010-9,85°C,-40°C,,150kHz
,116,CMP-MEC-000029-3,3,"TH1, TH2, TH3",4040 NPTH,MTG HOLE NON PLATED 4-40 NPTH,MTG HOLE NON PLATED 4-40 NPTH-Footprint-1,N/A,N/A,,,,,MTG HOLE PLATED 4-40 PTH,,,,,1,CMP-MEC-000029-3,,,,
,117,CMP-MEC-000000-5,8,"TP1_GND, TP1_NVIN, TP2_GND, TP2_NVIN, TP3_GND, TP3_NVIN, TP4_NVIN, TP5_NVIN",BLK,TEST POINT THM BLK 5011,TP-5011-BLK,Keystone,5011,,,,,TP-5011-BLK,,,,,1,CMP-MEC-000000-5,,,,
,118,CMP-MEC-000004-4,12,"TP_XHA, TP_XHB, TP_XHC, TP_XLA, TP_XLB, TP_XLC, TP_YHA, TP_YHB, TP_YHC, TP_YLA, TP_YLB, TP_YLC",YEL,TEST POINT THM YEL 5014,TP-5014-YEL,Keystone,5014,,,,,TP-5014-YEL,,,,,1,CMP-MEC-000004-4,,,,
,119,CMP-ICS-000243-3,3,"U4X, U4Y, U6",TPS7A2601DRVT,Low-Dropout Linear Voltage Regulator 1.24V to 17.45V 0.5A 6-Pin WSON T/R,WSON200X200X080-7N,texas instruments,TPS7A2601DRVT,,,,,WSON 6PIN,,,,,7,CMP-ICS-000243-3,125°C,-40°C,,
,120,CMP-ICS-000279-1,1,U5,NCP718BSN330T1G,"LDO Regulator, 300 mA, Wide Vin, Ultra-Low Iq Fixed 3.3V, Non-Active Discharge, TSOT23-5",SOT95P290X100-5N,ON SEMI,NCP718BSN330T1G,,,,,TSOT-23-5,,,24V,,5,CMP-ICS-000279-1,150°C,-55°C,,
,121,CMP-ICS-000211-17,1,U7,LM3880QMF-1AD,IC PWR SUPPLY SEQUENCER LM3880QMF-1AD SOT23-6,SOT95P280X145-6N,Texas Instruments,LM3880QMF-1AD,,,,,SOT95P280X145-6N,,,5.5V,,6,CMP-ICS-000211-17,125°C,-40°C,,
,122,CMP-ICS-000093-8,3,"U8, U21, U804",LTC2308IUF,IC ADC 12BIT SAR 500Ksps LTC2308IUF 24QFN,QFN25P50_400X400X80L40X25T245N,Analog Devices,LTC2308IUF#PBF,,,,,24QFN,,,5.25V,,25,CMP-ICS-000093-8,85°C,-40°C,,
,123,CMP-ICS-000187-5,3,"U9, U50, U100",LTM8074IY#PBF,Module DC-DC 1-OUT 0.8V to 12V 1.2A Automotive 25-Pin BGA Tray,BGA25C65P5X5_400X400X198,ANALOG DEVICES,LTM8074IY#PBF,,,,,BGA 25,,,,,25,CMP-ICS-000187-5,125°C,-40°C,,
,124,CMP-ICS-000112-5,1,U10,MPF300T-FCG784I,IC FPGA 388 I/O PolarFire MPF300T-FCG784I 784FBGA,BGA784CP100_28X28_2900X2900X347B64N,Microchip,MPF300T-FCG784I,,,,,784FBGA,,,3.3V,,784,CMP-ICS-000112-5,100°C,-40°C,,
,125,CMP-ICS-000082-5,8,"U11, U14, U25, U33, U34, U38, U41, U45",LTC2323HUFD-16,IC ADC 16BIT 2-CH DIFF SAR LTC2323HUFD-16 28QFN,QFN29P50_500X400X80L40X25T365X265N,Analog Devices,LTC2323HUFD-16#PBF,,,,,28QFN,,,5.25V,,29,CMP-ICS-000082-5,125°C,-40°C,,
,126,CMP-ICS-000500-G,14,"U12, U13, U16, U26, U28, U29, U30, U32, U35, U36, U37, U39, U40, U42",AD8132WARMZ-R7,IC OPAMP DIFF 350MHz AD8132WARMZ-R7 MSOP-8,FP-RM-8-IPC_B,Analog Devices,AD8132WARMZ-R7,,,,,MSOP-8,,,5.5V,,8,CMP-ICS-000500-G,125°C,-40°C,,
,127,CMP-ICS-000080-4,5,"U17, U18, U19, U20, U22",LTM2881MPY-3,IC DGTL ISO 2.5KV RS422/RS485 LTM2881MPY-3 32BGA,BGA32CP127_11X8_1500X1125X362B75N,Analog Devices,LTM2881MPY-3#PBF,,,,,32BGA,,,3.6V,,32,CMP-ICS-000080-4,105°C,-55°C,,
,128,CMP-ICS-000242-5,1,U43,ADXL314WBCPZ-RL,"±200 g Range, 3-Axis Digital Accelerometer",QFN50P500X500X145_HS-33N,ANALOG DEVICES,ADXL314WBCPZ-RL,,,,,CSP,,,,,16,CMP-ICS-000242-5,140°C,-40°C,,
,129,CMP-ICS-000244-3,1,U55,TPS7A7401DSDR,1.5-A low-dropout (LDO) linear regulator with programmable soft start 8-SON -40 to 125,WSON300X300X90-9N,TEXAS INSTRUMENTS,TPS7A7401DSDR,,,,,WSON-8,,,,,9,CMP-ICS-000244-3,150°C,-40°C,,
,130,CMP-ICS-000239-2,1,U101,LTM8021EV#PBF,Conv DC-DC 3V to 36V Step Down Single-Out 0.8V to 5V 0.5A uModule Automotive 35-Pin LGA,LT-LGA-35-11250X6250X2820_V,Linear Technology,LTM8021EV#PBF,,,,,LGA,,,,,35,CMP-ICS-000239-2,125°C,-40°C,,
,131,CMP-ICS-000097-2,1,U102,LT3748HMS,IC VREG CTRLR FLYBACK 100KHz CM 100V LT3748HMS 16MSOP,SOP16-12P50_403X490X110L53X22N,Analog Devices,LT3748HMS#PBF,,,,,16MSOP,,,100V,,12,CMP-ICS-000097-2,150°C,-40°C,,
,132,CMP-ICS-000086-14,3,"U103, U104, U112",INA197AQDBV,IC CURRENT MONITOR 50 V/V 3% INA197AQDBV SOT23-5,SOT95P280X145-5N,Texas Instruments,INA197AQDBVRQ1,,,,,SOT95P280X145-5N,,,80V,,5,CMP-ICS-000086-14,125°C,-55°C,,
,133,CMP-ICS-000180-3,1,U105,ADC128S052-Q1,ADC Single SAR 500ksps 12-bit Serial 16-Pin TSSOP Rail,SOP65P640X120-16N,TEXAS INSTRUMENTS (TI),ADC128S052-Q1,,,,TSSOP,TSOP(PW),8.7mW,,5.5V,,16,CMP-ICS-000180-3,125°C,-40°C,,
,134,CMP-ICS-000237-2,2,"U106, U107",ADuM260N0BRIZ-RL,Digital Isolator CMOS 6-CH 150Mbps 16-Pin SOIC W T/R,SOIC127P1030X244-16N,ANALOG DEVICES,ADuM260N0BRIZ-RL,,,,,SOIC,,,5kV,,16,CMP-ICS-000237-2,125°C,-40°C,,
,135,CMP-ICS-000166-13,1,U108,ADUM261N0BRIZ-RL-ND,Digital Isolator CMOS 6-CH 150Mbps 16-Pin SOIC W T/R,SOIC16P127_1030X1030X265L83X41N,ANALOG DEVICES,ADUM261N0BRIZ-RL-ND,,,,SOIC,SOIC16,,,,,16,CMP-ICS-000166-13,125°C,-40°C,,
,136,CMP-ICS-000181-6,1,U701,MT48LC16M16A2B4-6AAAT:G,DRAM Chip SDRAM 256M-Bit 16Mx16 3.3V 54-Pin VFBGA,BGA54CP80_9X9_800X800X100B45N,MICRON,MT48LC16M16A2B4-6AAAT:G,,,,,VFBGA,,,,,54,CMP-ICS-000181-6,105°C,-40°C,,
,137,CMP-ICS-000120-7,1,U702,MR5A16AUMA45,IC MRAM 32MBIT (2MBx16) 45ns ECC MR5A16AUMA45 48FBGA,BGA48CP75_6X8_1000X1000X135B36N,Everspin,MR5A16AUMA45,,,,,48FBGA,,,3.6V,,48,CMP-ICS-000120-7,125°C,-40°C,,
,138,CMP-ICS-000067-5,2,"U803, U805",MCP9700T-H/LT,IC SENSOR TEMP RATIOMETRIC 10 mV/°C+500mV  MCP9700T-H/LT SC-70-5,SOT65P210X110-5N,Micro Chip,MCP9700T-H/LT,,,,,SOT65P210X110-5N,,,5.5V,,5,CMP-ICS-000067-5,150°C,-40°C,,
,139,CMP-CNS-000011-3,1,Y1,100MHz,XTAL OSC XO 100.00MHZ CMOS SIT8924BAB83-XXN-100.000000 SMD 4Pin 7.0x5.0,OSCDFN4_500X700X100L110X140N,SiTime,SIT8924BAB83-XXN-100.000000,,,,,SIT8924xx_7.0x5.0,,,,,4,CMP-CNS-000011-3,125°C,-40°C,,100MHz
,Total,,954,,,,,,,,,,,,,,,,,,,,,
,,,,,,,,,,,,,,,,,,,,,,,,
,,,,,,,,,,,,,,,,,,,,,,,,
,,,,,,,,,,,,,,,,,,,,,,,,
,,,,,,,,,,,,,,,,,,,,,,,,
,,,,,,,,,,,,,,,,,,,,,,,,